model,class,precision,recall,ap50,ap50_95
yolo11n,100zl,0.7651,0.8,0.9214,0.8243
yolo11n,10zl,0.7186,1.0,0.9474,0.9104
yolo11n,200zl,0.6227,0.8462,0.8617,0.8037
yolo11n,20zl,0.8755,0.8,0.8356,0.6357
yolo11n,500zl,0.874,0.6946,0.9163,0.7789
yolo11n,50zl,0.8623,0.75,0.9593,0.8264
yolo11s,100zl,1.0,0.9431,0.995,0.8877
yolo11s,10zl,0.9103,0.9231,0.9875,0.9022
yolo11s,200zl,0.8568,0.8462,0.9337,0.8321
yolo11s,20zl,0.8032,0.9,0.8092,0.6232
yolo11s,500zl,0.9153,1.0,0.995,0.9079
yolo11s,50zl,1.0,0.8713,0.995,0.8169
yolo11m,100zl,0.8853,0.7745,0.9483,0.8406
yolo11m,10zl,0.9579,0.8182,0.9288,0.8639
yolo11m,200zl,0.89,0.8462,0.912,0.8577
yolo11m,20zl,1.0,0.8628,0.9426,0.7339
yolo11m,500zl,0.8391,1.0,0.9045,0.8118
yolo11m,50zl,0.9864,0.9167,0.9417,0.7971
