split,class,value_pln,objects
train,100zl,100.0,68
train,10zl,10.0,74
train,200zl,200.0,71
train,20zl,20.0,69
train,500zl,500.0,64
train,50zl,50.0,70
train,background_images,0,0
train,all_images,,415
val,100zl,100.0,22
val,10zl,10.0,22
val,200zl,200.0,20
val,20zl,20.0,22
val,500zl,500.0,22
val,50zl,50.0,19
val,background_images,0,0
val,all_images,,127
test,100zl,100.0,10
test,10zl,10.0,11
test,200zl,200.0,13
test,20zl,20.0,10
test,500zl,500.0,10
test,50zl,50.0,12
test,background_images,0,0
test,all_images,,66
